gradient1,gradient2,gradient3,gradient4,gradient5
-1.2372521,2.0647497,-0.48654237,-0.27794862,0.11342219
1.0988266,0.9850351,-0.7310826,-0.35566616,0.3561991
-2.265627,3.0667198,-0.680371,-0.051654674,-0.14838329
-2.0325933,2.546895,-0.54332054,0.20064843,-0.23382081
-1.8071041,2.2453368,-0.5092442,0.18661243,-0.25580144
-1.1264535,1.4488995,-0.3137456,0.02617653,-0.11389735
0.34903437,1.2547637,-0.8368332,0.18717845,0.10600763
-0.9250902,1.1295077,-0.12042708,-0.24604511,-0.008455865
-1.3258487,1.5633712,-0.3555666,0.19775988,-0.2014344
-2.5498118,2.6730921,-0.7258137,0.48603743,-0.41654813
-1.7812227,1.9223505,-0.4902559,0.3444134,-0.2878899
0.03218712,0.37716153,0.15007071,0.19901836,-0.16167495
-2.186323,2.0084836,-0.54937184,0.51939106,-0.24291779
-1.1949518,1.4984825,-0.275641,-0.000114363,-0.11424861
-0.73564833,0.89225453,-0.13246165,0.2625284,-0.16216761
-2.7808115,2.6960444,-0.81101584,0.69736224,-0.41838273
-1.263767,1.3176608,-0.38321486,-0.04512266,-0.066653684
-1.99595,2.0746777,-0.5011755,0.48806337,-0.2996429
-0.89688456,1.3306087,-0.10992702,0.23405711,-0.2493063
-0.2710807,1.4772682,-1.0051575,0.46663827,-0.091124885
-2.2279716,1.9728556,-0.513802,0.54762626,-0.29489174
-2.5376062,2.295359,-0.6879707,0.6208349,-0.35318437
-1.1374238,1.4062673,-0.19087459,-0.07855969,-0.048984725
-1.4879597,1.6501836,-0.41390756,0.21245292,-0.23427805
-1.4739587,1.4731506,-0.39074847,0.25011313,-0.22356026
-2.381776,2.3303933,-0.66413486,0.46552962,-0.36457378
-1.8709701,2.2786183,-0.4163141,0.03370069,-0.20933333
-0.70205075,1.2978382,0.20346914,-0.4619531,0.094661176
-1.3036864,1.3674124,-0.3252324,0.14959931,-0.17809866
-1.8946202,1.8101951,-0.4621494,0.2918225,-0.2554438
-1.410901,1.6007268,-0.22866689,-0.16038461,-0.09888476
-2.4553967,-1.069008,-0.62346125,0.37372887,0.30029652
-1.6491485,-0.69861454,-0.587996,0.24485818,0.16889413
-3.0950723,-1.3168454,-0.5670866,0.37291563,-0.070446864
-3.628068,-1.6426005,-0.5283733,-0.2580441,-0.029602917
-2.992837,-1.3910203,-0.74885476,0.16773471,-0.29113892
-1.4962772,-0.6413223,-0.5665785,0.18912646,0.22794048
-2.4264529,-1.048693,-0.6745809,0.32092816,0.039296906
-2.9147885,-1.3871745,-0.61411256,0.12908486,-0.04868812
-1.9048154,-0.8720146,-0.096944116,0.16429563,0.15755917
-2.290095,-1.1353319,-0.5067323,-0.33137694,-0.26536337
-2.0129647,-0.94799596,-0.15778057,-0.16114055,0.12983008
-2.8487005,-1.4573107,-0.7421529,-0.11561482,-0.20154549
-2.1293073,-1.1381023,-0.7152193,-0.18902288,-0.27708802
-3.933099,-2.0932488,-1.2645205,-0.10019411,-0.5099793
-2.1904347,-1.0155687,-0.5260083,-0.517671,-0.2789321
-2.2956645,-1.1940298,-0.6937631,-0.029587785,-0.09918658
-3.5714815,-1.8352052,-1.1182601,-0.08922152,-0.5113981
-2.6426964,-1.2418,-0.73234135,-0.23156019,-0.45755187
-3.4014788,-1.0055983,-0.5854896,0.088333845,-0.21960475
-1.6061265,-0.8558367,-0.5456582,-0.25510743,-0.3490788
-1.9899459,-1.0358698,-0.6310836,-0.40250254,-0.41407874
-4.6438394,-2.5003984,-1.5474925,-0.77650285,-1.0190618
-3.6614478,-1.7860415,-0.8871543,-0.099832356,-0.5617223
-2.6803405,-1.4695727,-0.89227724,-0.25177303,-0.574265
-2.0614822,-1.0119927,-0.2965682,-0.11780565,-0.11847358
-2.9899116,-1.5643378,-0.9091044,-0.5576675,-0.60221845
-1.2600744,-0.4545642,-0.1423999,-0.2650116,-0.08838295
-2.7432947,-1.469945,-0.88393706,-0.29822984,-0.57823986
-1.8506427,-0.90835357,-0.56629103,-0.23162757,-0.37270418
-2.014146,-0.85543406,-0.33089355,-0.5189421,-0.2213261
-3.9761355,-2.0417008,-1.1082178,-0.16382214,-0.68346894
-2.3283153,-1.2180622,-0.711475,-0.1826855,-0.46995968
-2.8959193,-1.586285,-0.96829885,-0.2596472,-0.61324316
-1.461847,-0.6986041,-0.14134125,-0.121742375,-0.08500993
-2.7451518,-1.3964778,-0.75318617,-0.028252058,-0.43992826
-1.6323097,-0.8122782,-0.3664546,-0.09763565,-0.23368673
-3.1469946,-1.7266843,-1.0717793,-0.3077905,-0.6837915
-0.47050607,0.5774319,0.0903184,-0.4496099,0.452228
-0.024875162,0.6028638,0.3078165,-0.552342,0.06447014
-0.16400447,0.23259585,0.5195161,-0.4588932,0.19537313
-0.4125431,0.39050502,-0.10931286,-0.05003829,0.2037773
-1.2943951,1.802641,0.17912455,-0.738563,0.04838069
-0.4898004,0.08686447,0.4529569,-0.5592996,0.16114198
-0.5337605,0.74499464,0.4315963,-0.6861223,0.10738861
-1.350684,-0.57699925,-0.28699398,-0.39027074,-0.18196563
0.022662869,0.21811879,0.5055875,-0.49149302,0.060686342
-0.519147,0.9750968,0.18779774,-0.3967658,-0.029568676
-1.0230236,-0.4014981,-0.20123635,-0.31374034,-0.13075502
-0.85627013,0.46107492,0.11577635,-0.46837837,0.062294137
-0.16254248,0.24564038,0.31524944,-0.30321363,0.08803647
-0.46996766,0.306554,-0.03287964,-0.15377814,-0.014389919
-0.38670707,0.06599161,0.32539457,-0.18806344,0.16189101
-0.94366276,0.2707553,0.13146496,-0.3237336,0.08524056
-1.2410147,-0.44566146,-0.052541774,-0.15246627,-0.031107064
-0.5150258,0.020714253,0.08820912,-0.07557572,0.35942397
-0.032518853,0.241738,0.6172016,-0.62891775,0.08474891
-1.7702773,-0.15759161,0.40315086,-0.61026245,0.27411535
-0.22585487,0.015596841,0.60079294,-0.29766667,0.19771123
-0.5578724,0.009983905,0.5953382,-0.69496036,0.18398637
-1.0877448,0.1094571,0.41771168,-0.66817474,0.23157817
-1.3270997,-0.48928425,0.3865289,0.028075632,0.36194956
0.3226056,-0.12659669,-0.08302586,0.04367919,0.38454083
-0.81138265,-0.17638914,0.32584155,-0.3484329,0.2153072
-0.34807798,-0.026349207,0.6653149,-0.18119131,0.33806607
0.21770452,0.08106647,-0.14803082,-0.052114878,0.29496086
-0.66718364,-0.57742953,-1.0924423,0.17710394,0.8145617
-2.0337195,-0.7773775,0.9948071,0.22513655,0.7828673
0.9299397,-0.07368095,1.2366693,-0.19508265,0.290041
-2.665839,-1.0457689,0.68409795,0.314386,0.6819611
-1.153564,-0.423459,1.8172292,0.107793674,0.995937
-2.6930723,-1.0137852,1.3216434,0.17075893,0.98721117
-0.63104427,-0.40324682,1.2281287,0.15051115,0.6639055
-2.1866374,-0.93671775,0.5665523,0.10680782,0.5582156
-0.49202013,-0.14624223,0.77203023,-0.27626744,0.46281022
-0.033599984,-0.081139974,0.45232263,0.065060124,0.20974647
-0.7180857,-0.3678448,1.089879,0.34674886,0.54681444
-1.9700192,-0.78702843,0.31523016,0.09496896,0.26927823
-1.8975704,-0.6324403,0.44326755,0.015516452,0.2658671
-0.81785995,-0.34212857,0.71774024,-0.036659226,0.38057822
-1.482997,0.023462035,0.61204153,0.09808913,0.37748203
-1.1587294,0.0244273,0.19037043,-0.032646798,0.17826241
-0.9060752,-0.42360866,0.22248544,0.034548208,0.2696223
3.7820282,-0.048039258,0.09720933,-0.22089228,-0.37198758
2.1208508,-0.01776624,-0.04692463,-0.18898822,0.20347917
3.7075624,0.031124083,-0.19514444,-0.42424405,-0.1127148
3.6789572,-0.015070762,-1.6095185,-0.10519917,0.48944002
2.919281,-0.08956906,-0.68720025,-0.007899186,0.0971287
0.86479706,0.14148936,-0.85145235,-0.14875728,0.69159395
1.0340177,0.16701221,-0.86728,-0.3074854,0.60592294
0.8969241,0.31647506,-0.47856548,-0.32695782,0.3871696
1.5415109,0.08732246,0.08765833,-0.3478774,0.3748413
0.79751265,0.5585949,-0.7576263,-0.37403876,0.7049838
2.7304904,-0.09635756,-1.3412988,-0.018951848,0.58992404
2.3606863,-0.09376188,-1.8324378,-0.06400505,0.9261033
3.2345886,0.19063006,-1.2895936,-0.044380687,0.21786147
1.3226695,0.22379634,0.3221264,-0.45588398,-0.17348316
0.3232479,0.013832374,0.46431422,-0.13916592,0.03641084
1.4307508,-0.005647102,0.21031252,-0.13580261,-0.21336286
1.2274058,0.048231337,0.27812085,-0.21479303,-0.27005172
1.3582121,0.07243185,0.5577422,-0.31547907,-0.33808687
0.42876595,0.21044873,0.6485466,-0.63006324,-0.079625815
1.8890578,0.06507327,0.046087027,-0.30203342,-0.23741756
1.5463424,-0.05579531,1.3079466,-0.16319647,-0.1403209
2.3656602,-0.008068374,4.49E-05,-0.22383696,-0.29427826
1.0557865,0.115857884,0.35847557,-0.41687799,0.18740842
0.87605566,0.016038531,0.60860306,-0.17890017,-0.13558643
1.2748104,-0.011981058,0.26717407,-0.015451442,-0.14731842
0.14102997,0.054607883,0.6643615,-0.28191423,0.13746472
1.0695531,0.06487479,-0.027672004,-0.23185822,0.08001712
1.0625098,0.16464286,0.37964886,-0.40999678,-0.15008874
0.64778537,0.009115735,0.52359957,-0.11889935,-0.006556626
1.4543298,-0.32421216,1.0775745,0.3632709,0.2560023
-0.08741508,0.34121373,0.20244451,-0.009040277,-0.024860084
0.75723517,0.18184474,0.17201734,-0.18296391,0.013218478
0.118070826,0.03936311,0.63570184,-0.25064224,0.14902937
1.0107586,-0.11901456,0.7968904,0.24484144,-0.0627638
2.9432251,-0.002826801,0.19668199,-0.29146206,-0.19168994
2.8260512,-0.103589095,-1.0727063,-0.005859486,0.38633335
2.7422745,-0.06870755,-0.80535686,-0.048389073,0.07602231
1.9199274,0.03674546,0.18701547,-0.27471286,-0.31972915
2.263034,-0.05834193,-1.139024,-0.010229501,0.46267763
-0.32598078,-0.48732236,-1.3387636,0.06019218,0.8221037
2.3305476,-0.07510595,-0.71779543,-0.034315497,0.17971635
1.7032316,-0.14127403,-1.2078825,0.015037218,0.69780517
-0.57914054,-0.40585184,-1.0033739,0.0181389,0.51856196
-0.37682834,-0.4238934,-1.0361924,0.028974423,0.5672355
0.9764769,-0.10207169,-0.8636772,-0.021048594,0.5428531
-0.1159054,0.107283466,-0.47660556,0.035783615,0.33311558
0.9063745,0.005128223,-0.37465322,-0.014289171,0.14316764
0.81079507,0.2627906,0.02456981,-0.21506444,0.11852491
1.5491832,-0.03700788,-0.49001345,-0.013530829,0.060854975
1.4871669,-0.043839492,-0.3995609,-0.004682748,0.10664573
1.6649988,-0.013325616,-0.33385503,-0.05471813,-0.081498936
1.1468494,-0.016635993,-0.02608785,-0.050861735,-0.16083945
3.0564337,-0.15395135,-1.1146331,0.082694344,0.5812194
2.7975676,0.09810579,-0.19701603,-0.43215424,0.0384114
3.7450004,-0.084336326,-1.5922068,0.006861387,0.47287798
2.8803751,-0.024960035,-1.0627424,0.036020607,0.22045897
2.1049445,-0.08921375,-0.74410594,-0.01500114,0.32172352
2.2111535,-0.03832862,0.056983504,-0.076231904,-0.31975684
1.6565769,-0.1076041,-0.57624406,0.000729825,0.47013128
2.7100568,-0.08436948,-0.8615054,0.10260114,0.19014521
1.6809059,-0.09138748,-0.3440395,0.18143453,0.107424594
1.4951539,-0.07574781,-0.31070217,-0.03635625,0.2697096
2.0940294,-0.026143705,-0.48249736,-0.008955367,-0.042980578
0.8320395,-0.17904334,0.43970358,0.29625034,0.1097605
2.8284311,-0.09709288,-0.9959257,0.006246517,0.30572963
2.8244553,-0.09196379,-1.0777959,-0.00779439,0.31644297
1.9647125,-0.08416096,-0.464783,0.06716904,0.15319744
2.2090516,0.002146661,-0.54872334,-0.017288595,0.04212311
0.9110118,-0.025245767,-0.22777076,-0.012603564,0.008627604
2.1196969,-0.076917015,-0.7696752,-0.004702258,0.23124665
3.0811722,-0.06516395,-1.0141153,-0.037888385,0.13225695
1.5088226,-0.0535841,-0.37083948,-0.052330796,0.10841708
1.5993435,0.012688774,-0.13322559,-0.14027691,-0.1557249
2.062575,0.03324484,-0.13838468,-0.1570617,-0.16255069
2.4670694,-0.09154232,-0.6450221,0.002444648,0.16329035
1.4236928,-0.2942928,-0.5799291,0.05297654,0.46793404
2.7787542,0.24383056,-0.9760394,0.07638515,0.10795504
1.8727733,0.45270687,-0.7078927,0.03514722,0.09204262
3.6616673,-0.046934012,-1.2435905,0.032813434,0.17380996
1.6209328,-0.053465355,0.2749327,0.20456545,-0.109154
0.7574067,0.42106885,0.097773574,0.16535807,-0.090594634
2.8796375,-0.049512703,-1.0359895,0.026033407,0.1949006
3.4439788,-0.08197371,-1.0428253,0.03633682,0.109253354
3.0730047,-0.004817581,-0.086807765,-0.07782687,-0.23272876
2.8408668,-0.2910306,-0.32656637,0.32087275,0.17928985
2.0202425,-0.021238543,-0.37833446,-0.023301851,-0.05694077
1.5043182,0.11331735,-0.59234494,0.044435512,0.1711986
-1.1503098,2.0159476,-0.5311007,-0.31573653,0.14435044
0.38512686,1.4017694,-0.83297753,-0.27273333,0.30424303
-2.1791725,2.9227042,-0.7173948,-0.08289553,-0.07044542
-1.6976188,2.1951132,-0.5085414,0.029893467,-0.16509287
-2.0868022,2.6444087,-0.5726828,0.15999264,-0.22759463
-1.5904149,1.965257,-0.45942062,0.17074135,-0.22904824
-0.9620961,2.0161417,-0.78334755,0.3280969,-0.05387463
-1.3079413,1.5320235,-0.29204786,0.2618589,-0.20860082
-0.7950999,0.9172402,-0.03336021,-0.30736136,0.004412461
-0.91403025,1.097288,-0.23360245,0.000216626,-0.07351942
-1.8050485,1.958521,-0.5032091,0.32949203,-0.2923091
-2.57201,2.683328,-0.7334541,0.4952289,-0.42046976
0.06822826,0.29291323,0.13474563,0.18865612,-0.14418767
-2.3682623,2.179469,-0.6890571,0.5592116,-0.32290354
-1.1543589,1.3502678,-0.24747394,0.3500874,-0.21646358
-1.070046,1.0356516,-0.3097167,-0.0695656,-0.004148549
-0.5462149,1.671821,-0.96388024,0.44845966,-0.1012816
-1.0372959,1.2878246,-0.15387508,0.10377359,-0.13170369
-2.3637743,2.1872714,-0.55145127,0.5782705,-0.32269973
-2.3941834,2.1953607,-0.65562713,0.57355005,-0.35382846
-0.44714817,0.9436619,0.021311786,0.31323355,-0.2753296
-1.3983121,1.6997275,-0.33853713,-0.045766097,-0.10781207
-1.3285075,1.459859,-0.36339614,0.20745048,-0.2086691
-2.3562722,2.2845972,-0.6647028,0.45931438,-0.36159354
-1.6133083,1.5895702,-0.43171397,0.28892896,-0.25168365
-1.549266,1.8191354,-0.4037201,0.13047303,-0.21359417
-1.1353168,1.5997089,-0.0618958,-0.24956301,-0.016772037
-1.9475487,1.8205189,-0.50222254,0.3107575,-0.27579007
-1.1262527,1.1639363,-0.29020843,0.14392792,-0.15782076
-2.070105,2.3872814,-0.39929938,-0.14734313,-0.18045765
-2.0883725,-0.9323055,-0.80516464,0.25167483,0.3843696
-1.3793236,-0.69178617,-1.1185781,0.057932533,0.47548077
-2.0977552,-0.8599584,-0.6396056,0.32807675,0.15182242
-3.367807,-1.504202,-0.49854863,0.3744955,0.05133009
-4.052753,-1.94523,-0.9345158,-0.17045973,-0.2585608
-3.6835072,-1.7294184,-0.85703284,0.27027085,-0.34193242
-2.0496895,-0.9192042,-0.69178927,0.2693321,0.1544347
-1.1540288,-0.36399862,-0.66853964,0.12203247,0.33791575
-3.1785953,-1.4922085,-0.7695582,0.16234376,-0.22544628
-3.143731,-1.4182296,-0.7965487,0.2030386,-0.20071915
-2.9177554,-1.3915823,-0.5945206,0.11612259,-0.057903346
-1.806755,-0.7896135,0.06977579,0.18186876,0.22575043
-2.7331836,-1.3431634,-0.62298644,-0.39151862,-0.32792458
-2.6746318,-1.3277705,-0.6278689,-0.11299737,-0.08361315
-1.9161769,-0.8520926,-0.23330475,-0.33285338,-0.030433629
-3.249206,-1.7168796,-1.0226609,-0.07390837,-0.3935971
-2.2230859,-0.9121078,-0.24793188,-0.4981249,-0.021487305
-3.7822964,-1.8918134,-1.0202047,0.024366315,-0.26446977
-2.3327935,-1.1171008,-0.62634087,-0.5703205,-0.36646762
-2.2333157,-0.7757846,-0.073594704,0.08314374,0.011667122
-2.340593,-1.2508217,-0.82962507,-0.30025774,-0.4938557
-3.5413072,-1.0053113,-0.6398343,-0.019385716,-0.25788572
-2.410715,-1.2376249,-0.76646596,-0.5049493,-0.49241826
-2.4651058,-1.2839845,-0.64687616,-0.30018353,-0.40712753
-3.8363185,-2.0787911,-1.3548043,-0.59497064,-0.8689938
-2.9787824,-1.5803564,-0.9732427,-0.52828014,-0.63099575
-2.6124246,-1.2826272,-0.8522383,-0.34287912,-0.55032367
-1.5224694,-0.6433567,-0.3304119,-0.22932985,-0.20444903
-3.007147,-1.6229445,-1.0157713,-0.34641093,-0.65579844
-3.1719875,-1.7401078,-1.0568095,-0.28404254,-0.66569823
-2.7108903,-1.2155956,-0.5884514,-0.7127374,-0.38633186
-2.7907233,-1.4769542,-0.8921166,-0.21940222,-0.5882323
-4.1141434,-2.095652,-1.1424031,-0.14021963,-0.69174373
-2.76031,-1.3992689,-0.7374648,0.007500544,-0.4128812
-2.4523265,-1.2508302,-0.68834364,-0.13653043,-0.4419369
-1.2985849,-0.50229967,0.10321207,-0.13814168,0.08735385
-1.0743234,-0.45570722,-0.17630354,-0.112004936,-0.114182755
-2.8764546,-1.5758524,-0.95307773,-0.26210216,-0.6009133
-2.5220542,-1.3577677,-0.7963254,-0.26486963,-0.51567966
-1.8221918,-0.9805188,-0.60281134,-0.12521063,-0.38729936
-0.4434978,0.7175429,0.124138564,-0.45712584,0.19205359
0.061949536,0.2658525,0.61389226,-0.5504195,0.08724324
-0.014536534,0.25598115,-0.116935045,-0.055539463,0.24662372
0.3855359,0.3986955,0.18896295,-0.29641196,0.075437404
-0.10660595,1.07771,0.5229269,-0.7755405,-0.03618949
-1.167381,0.009560675,0.26159924,-0.7529126,0.12897567
-0.2604399,0.2841695,-0.043256022,0.008744585,-0.021647986
-0.17506407,0.13974729,0.20250958,-0.2980264,0.032251805
-1.5207574,-0.29497126,-0.068240225,-0.7041098,-0.073927246
-0.2053215,0.37428877,0.18637998,-0.2991851,0.023238784
-0.084547415,0.21746592,0.43679821,-0.44448933,0.054206666
-0.64770436,0.65904397,0.2719263,-0.4460367,0.11565205
-1.4187835,-0.5244294,-0.3059645,-0.40876454,-0.18999618
-0.8017624,0.48788768,0.03653278,-0.39547047,-0.010700068
0.3706406,0.13529041,0.37380525,-0.22375727,-0.027854895
-1.1843132,0.8710409,-0.1048542,-0.30164623,-0.04449794
-0.82439935,0.057342142,0.22795789,-0.16092408,0.15068504
-0.34397382,0.1324367,0.16643581,-0.17428869,0.09155998
-0.7506675,-0.20313565,0.032982636,-0.13192788,0.03150828
-1.2034471,0.2526386,0.31883743,-0.32850283,0.18499798
-0.87468755,0.30261573,0.46832845,-0.6678921,0.20813598
-1.1837336,-0.1627338,0.23396412,-0.45939708,0.14259294
-0.660292,0.18344283,0.61506534,-0.74741095,0.18775602
0.5463093,0.099983335,-0.0436587,-0.08808315,0.33030543
-0.52603513,0.11767389,-0.5328479,0.03657654,0.42023447
-0.41824713,-0.007736702,0.13092124,0.06795867,0.41452652
-1.332865,-0.46477184,0.19645193,0.08373958,0.3311472
-1.21864,-0.45010233,0.35350972,-0.051758077,0.31331638
-0.59220827,-0.001851942,0.5586656,-0.35576627,0.3058083
-0.03054252,-0.025025772,0.649718,-0.08343556,0.23785163
-0.9470323,-0.009398515,0.2984649,-0.16698365,0.42363822
-1.6310304,-0.76289487,-0.15768601,0.3370462,0.73320735
-1.1932265,-0.50626975,1.4470743,0.08688419,0.75196594
-2.5033197,-0.9214948,0.76043576,0.3438359,0.70244366
-3.1091056,-1.2493432,0.29646474,-0.1593715,0.4563879
-0.40815815,-0.24580848,1.6694806,0.016340813,0.7080672
-2.821245,-1.080588,1.1098877,0.044838123,0.8448431
-1.8122193,-0.7393363,0.68596274,0.11329621,0.56479836
-0.2396593,-0.107676536,0.90582037,-0.1965295,0.4023868
0.040858556,-0.071576826,0.5974695,0.022693835,0.20851812
-0.76788265,-0.3137922,1.1295195,0.20892793,0.54346085
-1.7173736,-0.6862715,0.28819755,0.05166998,0.24064763
-0.8332052,-0.18914391,0.9485712,-0.011722785,0.46345356
-0.17715229,-0.18041307,0.9043048,0.047182295,0.57817185
-1.560388,0.22049947,0.033648465,0.07189031,0.055870906
-3.249279,-1.4364276,-0.5011541,-0.053064063,-0.27350494
-1.5871865,-0.6328304,0.35863063,0.13630831,0.43269348
-0.23869747,-0.13047047,0.74362195,0.07767673,0.45198038
2.6700873,-0.03781818,0.9813841,-0.21079831,-0.3393013
0.9455829,-0.008317522,0.52462876,-0.18977632,0.39786017
4.3877935,-0.052524757,-0.8094945,-0.21973944,-0.123562455
2.5420918,0.19255039,1.5659539,-0.7871628,-0.5287119
4.1408567,0.018638631,-1.8124276,-0.12962277,0.60629976
3.2617962,-0.082398765,-0.96432173,-0.038848497,0.22345096
0.12103326,0.37930253,-0.48028776,-0.32550687,0.4800711
1.758209,0.059986,-0.85945135,-0.056082573,0.5459691
2.731565,-0.053942624,-1.342227,-0.03839376,0.59448916
0.14148818,0.7281139,-0.5323367,-0.37519452,0.5097624
2.2672977,-0.058655433,-1.87377,-0.13247976,0.87040126
0.4363747,0.48150584,0.37081558,-0.46073216,0.39063472
2.863871,0.24967712,-1.184436,-0.08132293,0.16054581
0.94483215,-0.006502932,0.12563166,-0.062282648,-0.18577452
0.5013995,0.03162803,0.42172533,-0.16095981,-0.093147226
0.8570869,0.07724325,0.16833548,-0.18884693,-0.16021149
0.16539705,0.15848066,0.4976448,-0.3986069,0.012161778
1.2678088,0.113210924,0.70820993,-0.39700392,-0.3310233
0.92400354,0.05767182,0.33573917,-0.20270777,-0.23652692
2.0710244,0.032292288,0.2903731,-0.2646322,-0.40472162
1.8942192,0.089514494,0.29973236,-0.36098,-0.38794065
1.9125109,-0.18371515,1.0390751,0.12978593,0.08464539
1.9211904,-0.014215611,0.94773316,-0.17575596,-0.41702324
2.0376475,0.019891324,0.38366276,-0.26326576,-0.44756794
1.7798222,-0.005581684,0.34060463,-0.1003538,-0.34982714
0.18171747,0.06484724,0.80753464,-0.2942263,0.285643
0.48676515,0.0300521,0.59617406,-0.18374518,-0.04894592
0.86769176,0.2292099,0.105194785,-0.36564142,0.15694892
0.29546815,0.06832006,-0.04507786,-0.09052607,0.3527556
1.1430053,-0.08263733,0.2509498,0.09998419,0.08077504
0.7833383,0.08006516,0.35664445,-0.23410101,-0.18360886
0.90397924,0.11582275,0.29618844,-0.25894088,-0.14537755
0.78997445,0.00277486,0.4820343,-0.10471834,-0.12696029
1.2967298,-0.020561906,-0.050441936,-0.052335083,-0.1561323
0.8819283,0.04556866,0.16400228,-0.092535704,0.0572966
0.9467939,0.0497994,0.13671505,-0.16655111,-0.15759844
0.36217108,0.12690754,0.65261,-0.3036077,0.07463259
0.13238838,0.55955976,0.29088083,0.1060843,-0.08445679
2.3877726,0.08508796,-0.50409275,-0.0669958,0.000422276
0.7561405,-0.077818885,0.75808114,0.20394899,-0.040278982
0.3240439,0.1638296,0.9103751,-0.39954284,0.084462345
1.3224137,-0.18479973,0.92547756,0.26726323,-0.03794067
2.8883371,0.05742984,0.88638276,-0.43254167,-0.49402845
0.080733314,0.16867091,-0.2045303,0.010546664,0.21726973
0.52901196,0.3972072,-0.31028828,-0.067267604,0.11454749
1.118382,-0.007171379,-0.29093704,-0.01058792,0.048969273
0.76957303,-0.010160786,0.26427078,-0.028877582,-0.035268523
1.6930369,-0.009547189,-0.13013913,-0.08093104,-0.20445378
2.7307339,-0.08744325,-1.2444367,-0.004284795,0.5416571
2.9709873,-0.073257275,-0.96781904,-0.031678718,0.14232752
1.3732123,-0.17110436,-1.5796304,-0.03903298,0.9238041
1.8495829,-0.10517355,-1.5525925,-0.01690087,0.75380695
3.078217,-0.066641636,-0.52807504,-0.035371393,-0.011708673
1.0144019,-0.070033185,-1.1008527,0.03906888,0.8378006
2.5125003,-0.059056424,-0.6328949,-0.0603273,0.10857033
0.6746865,-0.20751737,-1.0258571,0.03306743,0.71833795
2.8660161,-0.11451319,-0.98661834,0.058103643,0.41393253
3.0166209,0.13599487,-0.3211713,-0.41854432,-0.03379695
1.8404619,-0.07729936,-0.40987942,-0.009228264,0.27323934
1.0526248,-0.05532858,-0.040226348,-0.014269036,0.24836056
3.207147,-0.029423712,-1.2370542,0.016947307,0.2762748
2.803612,-0.050788756,-0.8390371,-0.00956873,0.05692639
1.6466161,-0.11332098,-0.03507684,0.25732815,0.016254406
2.6556869,-0.07606492,-0.7743686,0.06973347,0.15911616
2.3494103,-0.048413683,-0.61098516,-0.020812307,0.021856388
0.004352546,-0.15217787,0.385544,0.262486,0.19186454
2.6974063,-0.08789906,-1.1383942,0.012149728,0.40211907
2.7919095,-0.09228527,-0.83174247,-0.000245208,0.20026754
3.933192,-0.09864195,-0.9453328,-0.06692131,0.15617347
1.4582539,0.024210118,-0.06276452,-0.043199275,0.023266263
2.6187434,-0.074983984,-0.746999,-0.025704674,0.09730166
2.1750202,-0.002529042,-0.3396211,-0.076399826,-0.13418359
2.1072161,-0.11507002,-0.37301728,0.07129314,0.27019247
2.024171,0.5951816,-0.79083467,0.033148255,0.09673048
1.6571792,0.001624983,-0.029459007,0.20344722,-0.05651575
1.063274,0.6401237,-0.15518145,0.074546546,-0.061656285
4.0809197,-0.043155786,-1.400474,0.055109233,0.22148807
3.245811,-0.006276936,-1.1229858,0.021766469,0.18412009
3.3220239,0.002397604,-0.33278146,-0.09399798,-0.27300286
2.5610628,-0.18524356,0.4248484,0.2559069,-0.07995756
3.0798693,-0.067802854,-0.89138097,0.033539854,0.09153851
0.7178741,0.3146188,-0.15760228,0.027593736,0.10387986